isalin,calamus,5655
calamus,isalin,5655
isalin,kiki2125,3661
kiki2125,isalin,3661
calamus,kiki2125,3550
kiki2125,calamus,3550
isalin,greedypeople,2882
greedypeople,isalin,2882
calamus,PePePeace,2852
PePePeace,calamus,2852
ymx3xc,isalin,2799
isalin,ymx3xc,2799
isalin,PePePeace,2674
PePePeace,isalin,2674
kinki5566,ckbdfrst,2629
ckbdfrst,kinki5566,2629
dragonjj,around14357,2506
around14357,dragonjj,2506
rahim03,VVizZ,2339
VVizZ,rahim03,2339
calamus,greedypeople,2294
greedypeople,calamus,2294
IBURNER,TrenchCoat,2291
TrenchCoat,IBURNER,2291
calamus,ymx3xc,2139
ymx3xc,calamus,2139
kiki2125,PePePeace,2119
PePePeace,kiki2125,2119
ymx3xc,PePePeace,2024
PePePeace,ymx3xc,2024
sediments,calamus,2013
calamus,sediments,2013
nht,calamus,2010
calamus,nht,2010
sediments,isalin,1996
isalin,sediments,1996
greedypeople,kiki2125,1888
kiki2125,greedypeople,1888
plus203ft,ckbdfrst,1884
ckbdfrst,plus203ft,1884
nht,isalin,1837
isalin,nht,1837
sediments,kiki2125,1823
kiki2125,sediments,1823
plus203ft,kinki5566,1798
kinki5566,plus203ft,1798
PePePeace,sediments,1742
sediments,PePePeace,1742
isalin,ZABORGER,1687
ZABORGER,isalin,1687
ienari,isalin,1536
isalin,ienari,1536
kiki2125,ymx3xc,1519
ymx3xc,kiki2125,1519
frontnf,kikicoco168,1502
kikicoco168,frontnf,1502
whatwhat12,calamus,1463
calamus,whatwhat12,1463
calamus,akata,1403
akata,calamus,1403
ymx3xc,greedypeople,1381
greedypeople,ymx3xc,1381
greedypeople,PePePeace,1357
PePePeace,greedypeople,1357
ymx3xc,sediments,1349
sediments,ymx3xc,1349
whatwhat12,isalin,1269
isalin,whatwhat12,1269
isalin,wssp,1262
wssp,isalin,1262
stantheman,aponla,1249
aponla,stantheman,1249
kuninaka,PePePeace,1222
PePePeace,kuninaka,1222
TrenchCoat,diskdie7045,1181
diskdie7045,TrenchCoat,1181
Wii,calamus,1162
calamus,Wii,1162
diskdie7045,littlehero,1148
littlehero,diskdie7045,1148
tigerzz3,TrenchCoat,1145
TrenchCoat,tigerzz3,1145
sediments,greedypeople,1139
greedypeople,sediments,1139
mugenji1005,calamus,1133
calamus,mugenji1005,1133
colin810106,stantheman,1130
stantheman,colin810106,1130
radiodept,lacoste1113,1122
lacoste1113,radiodept,1122
isalin,romusutoru,1120
romusutoru,isalin,1120
calamus,CrackedVoice,1117
CrackedVoice,calamus,1117
isalin,arc1029,1115
arc1029,isalin,1115
PePePeace,nht,1101
nht,PePePeace,1101
kiki2125,nht,1097
nht,kiki2125,1097
isalin,akata,1082
akata,isalin,1082
kuninaka,calamus,1075
calamus,kuninaka,1075
PePePeace,mugenji1005,1074
mugenji1005,PePePeace,1074
calamus,romusutoru,1053
romusutoru,calamus,1053
CrackedVoice,isalin,1001
isalin,CrackedVoice,1001
ienari,calamus,999
calamus,ienari,999
calamus,sygnuser,999
sygnuser,calamus,999
FullAttack,g6m3kimo,993
g6m3kimo,FullAttack,993
onsera,redsa12,986
redsa12,onsera,986
BDACK,isalin,972
isalin,BDACK,972
shimo,anfysky,970
anfysky,shimo,970
kuninaka,kiki2125,949
kiki2125,kuninaka,949
whatwhat12,PePePeace,940
PePePeace,whatwhat12,940
whatwhat12,kiki2125,932
kiki2125,whatwhat12,932
wssp,ienari,920
ienari,wssp,920
PePePeace,romusutoru,916
romusutoru,PePePeace,916
ams9,barlin,910
ZABORGER,calamus,910
barlin,ams9,910
calamus,ZABORGER,910
Wii,isalin,903
isalin,Wii,903
zainlove,Sun886,902
Sun886,zainlove,902
kuninaka,isalin,895
isalin,kuninaka,895
ymx3xc,nht,883
nht,ymx3xc,883
aa1052026,VVizZ,870
VVizZ,aa1052026,870
radiodept,DICB,869
DICB,radiodept,869
sediments,kuninaka,858
kuninaka,sediments,858
kuninaka,ymx3xc,856
ymx3xc,kuninaka,856
ienari,kuninaka,840
kuninaka,ienari,840
CrackedVoice,kiki2125,834
kiki2125,CrackedVoice,834
kelybaby,adoken,833
adoken,kelybaby,833
kaisin,PePePeace,832
PePePeace,kaisin,832
isalin,popyuning,831
popyuning,isalin,831
nozazero,taikonkimo,826
taikonkimo,nozazero,826
isalin,c10177,825
ronray7799,bg00004,825
c10177,isalin,825
bg00004,ronray7799,825
kiki2125,ZABORGER,822
ZABORGER,kiki2125,822
ienari,ymx3xc,818
ymx3xc,ienari,818
akata,kiki2125,815
kiki2125,akata,815
k7539512,DaiRiT,811
DaiRiT,k7539512,811
ZABORGER,greedypeople,801
greedypeople,ZABORGER,801
popyuning,calamus,797
calamus,popyuning,797
wssp,calamus,776
calamus,wssp,776
ymx3xc,wssp,772
wssp,ymx3xc,772
romusutoru,ymx3xc,764
ymx3xc,romusutoru,764
recx,justsay,760
justsay,recx,760
whatwhat12,ymx3xc,755
ymx3xc,whatwhat12,755
recx,BanJarvan4,752
BanJarvan4,recx,752
PePePeace,BDACK,750
BDACK,PePePeace,750
sediments,mugenji1005,748
mugenji1005,sediments,748
PePePeace,ZABORGER,745
ZABORGER,PePePeace,745
arc1029,calamus,742
calamus,arc1029,742
dragonjj,oldTim,733
oldTim,dragonjj,733
ymx3xc,mugenji1005,729
mugenji1005,ymx3xc,729
nht,greedypeople,724
greedypeople,nht,724
reader2714,isalin,719
isalin,reader2714,719
isalin,mugenji1005,716
mugenji1005,isalin,716
hagousla,VVizZ,709
recx,isalin,709
isalin,recx,709
VVizZ,hagousla,709
Mentha,twsucks,708
twsucks,Mentha,708
calamus,omoideomoi,702
omoideomoi,calamus,702
songsi,isalin,700
isalin,songsi,700
PePePeace,Szss,697
O0OO,recx,697
Szss,PePePeace,697
recx,O0OO,697
kiki2125,romusutoru,696
romusutoru,kiki2125,696
calamus,BDACK,694
BDACK,calamus,694
kuninaka,LABOYS,692
LABOYS,kuninaka,692
c10177,calamus,689
calamus,c10177,689
DongRaeGu,VVizZ,688
VVizZ,DongRaeGu,688
ymx3xc,ZABORGER,686
nadekowang,ogoSogo,686
ZABORGER,ymx3xc,686
ogoSogo,nadekowang,686
hongtm,foolfighter,683
foolfighter,hongtm,683
calamus,kaisin,680
kaisin,calamus,680
taikonkimo,VVizZ,676
VVizZ,taikonkimo,676
kaisin,ymx3xc,673
ymx3xc,kaisin,673
CrackedVoice,PePePeace,667
PePePeace,CrackedVoice,667
sediments,nht,661
nht,sediments,661
kaisin,isalin,660
isalin,kaisin,660
arc1029,PePePeace,657
Wii,kiki2125,657
kiki2125,Wii,657
PePePeace,arc1029,657
akata,PePePeace,654
PePePeace,akata,654
reader2714,ymx3xc,651
ymx3xc,reader2714,651
twsucks,KingKingCold,649
isalin,rwhung,649
isalin,june0204,649
june0204,isalin,649
rwhung,isalin,649
KingKingCold,twsucks,649
lianhua,kiki2125,645
kiki2125,lianhua,645
vbn22,wdfr,643
sediments,CrackedVoice,643
CrackedVoice,sediments,643
wdfr,vbn22,643
nba10346,orinsinal,640
orinsinal,nba10346,640
zeumax,ghjkl1478,634
ghjkl1478,zeumax,634
reader2714,PePePeace,631
PePePeace,reader2714,631
tcpic,haworz,628
haworz,tcpic,628
PePePeace,wssp,626
MadMax5566,vickyyouyu,626
nozazero,abram,626
wssp,PePePeace,626
abram,nozazero,626
kikicoco168,DongRaeGu,626
vickyyouyu,MadMax5566,626
DongRaeGu,kikicoco168,626
romusutoru,sediments,620
sediments,romusutoru,620
isalin,qppqqp,618
qppqqp,isalin,618
diskdie7045,IBURNER,617
IBURNER,diskdie7045,617
calamus,songsi,615
songsi,calamus,615
frontnf,DongRaeGu,609
DongRaeGu,frontnf,609
isalin,sygnuser,606
sygnuser,isalin,606
PePePeace,ienari,605
ienari,PePePeace,605
nozazero,grahamwu,605
grahamwu,nozazero,605
GaryMatthews,frankie30432,602
ymx3xc,arc1029,602
arc1029,ymx3xc,602
calamus,yu0117,602
yu0117,calamus,602
frankie30432,GaryMatthews,602
VVizZ,yanvcvc,600
yanvcvc,VVizZ,600
taikonkimo,wuklean,598
rayarising,isalin,598
isalin,rayarising,598
wuklean,taikonkimo,598
ymx3xc,june0204,597
june0204,ymx3xc,597
sediments,ZABORGER,596
ZABORGER,sediments,596
ymx3xc,BDACK,589
BDACK,ymx3xc,589
isalin,allure1,587
allure1,isalin,587
twsucks,barlin,578
barlin,twsucks,578
g6m3kimo,turechirex,572
ams9,kkman321,572
kkman321,ams9,572
turechirex,g6m3kimo,572
shvzrrsy,calamus,568
calamus,shvzrrsy,568
DOWNA,isalin,568
isalin,DOWNA,568
romusutoru,kuninaka,566
IBURNER,tigerzz3,566
tigerzz3,IBURNER,566
kuninaka,romusutoru,566
PePePeace,songsi,565
songsi,PePePeace,565
yoyosunmoon,isalin,563
isalin,yoyosunmoon,563
sediments,whatwhat12,563
whatwhat12,sediments,563
songsi,kiki2125,561
kiki2125,songsi,561
asagi777,ROCCPA,559
ROCCPA,asagi777,559
arrenwu,ogoSogo,557
ogoSogo,arrenwu,557
nosweating,ymx3xc,556
ymx3xc,nosweating,556
kkk90480,mhlee,552
mhlee,kkk90480,552
revorea,appoo,551
appoo,revorea,551
KingKingCold,radiodept,550
radiodept,KingKingCold,550
sesee,gn01622545,548
gn01622545,sesee,548
greedypeople,whatwhat12,546
isalin,kageo101,546
kageo101,isalin,546
whatwhat12,greedypeople,546
ckz,isalin,545
isalin,ckz,545
calamus,aoiyasa,543
ymx3xc,KingKingCold,543
aoiyasa,calamus,543
KingKingCold,ymx3xc,543
recx,helwl,538
helwl,recx,538
hemmelige,ckbdfrst,536
ckbdfrst,hemmelige,536
zeumax,anoreader,536
anoreader,zeumax,536
appoo,aa1052026,535
aa1052026,appoo,535
oldTim,around14357,535
around14357,oldTim,535
fuxkyou,Sun886,533
FullAttack,turechirex,533
Sun886,fuxkyou,533
turechirex,FullAttack,533
kaisin,sediments,531
sediments,kaisin,531
nozazero,kenro,527
whatwhat12,nht,527
nht,whatwhat12,527
kenro,nozazero,527
hagousla,taikonkimo,525
taikonkimo,hagousla,525
isalin,icm1201,524
icm1201,isalin,524
KingKingCold,isalin,523
isalin,KingKingCold,523
DOWNA,PePePeace,523
PePePeace,DOWNA,523
nht,akata,522
akata,nht,522
senior,s9523752,521
s9523752,senior,521
kiki2125,recx,519
Szss,isalin,519
recx,kiki2125,519
akiyamatt,wdfr,519
isalin,Szss,519
creative,wuklean,519
wuklean,creative,519
BanJarvan4,O0OO,519
O0OO,BanJarvan4,519
wdfr,akiyamatt,519
Leon0810,ams9,518
kiki2125,BDACK,518
BDACK,kiki2125,518
ams9,Leon0810,518
suzukijun,vickyyouyu,517
vickyyouyu,suzukijun,517
sygnuser,kiki2125,516
kiki2125,sygnuser,516
Anvec,tcpic,514
tcpic,Anvec,514
asagi777,artist0918,513
reader2714,calamus,513
DOWNA,calamus,513
calamus,DOWNA,513
artist0918,asagi777,513
calamus,reader2714,513
BFApollo,Rhodenbarr,511
Rhodenbarr,BFApollo,511
happy27727,calamus,510
calamus,happy27727,510
justsay,BanJarvan4,510
BanJarvan4,justsay,510
tetsunami,ienari,509
ienari,tetsunami,509
nht,mugenji1005,508
mugenji1005,nht,508
rwhung,ymx3xc,507
ymx3xc,rwhung,507
nocturneC,ghjkl1478,507
ghjkl1478,nocturneC,507
isalin,aoiyasa,505
aoiyasa,isalin,505
isalin,lianhua,501
lianhua,isalin,501
DOWNA,kiki2125,500
kiki2125,DOWNA,500
vickyyouyu,jojo5417,499
kiki2125,kaisin,499
jojo5417,vickyyouyu,499
kaisin,kiki2125,499
ivn0572,vickyyouyu,495
vickyyouyu,ivn0572,495
a5648183,zeumax,494
zeumax,a5648183,494
calamus,Szss,491
Szss,calamus,491
kinki5566,hemmelige,490
hemmelige,kinki5566,490
june0204,PePePeace,490
PePePeace,june0204,490
kiki2125,mugenji1005,489
mugenji1005,kiki2125,489
dearjohn,recx,488
recx,dearjohn,488
yahoody,plus203ft,487
plus203ft,yahoody,487
Leon0810,kkman321,484
romusutoru,greedypeople,484
kkman321,Leon0810,484
greedypeople,romusutoru,484
plus203ft,ljxc,481
ljxc,plus203ft,481
PePePeace,CS5566,481
CS5566,PePePeace,481
yu0117,kiki2125,479
kiki2125,yu0117,479
vuvuvuyu,Hirano,479
Hirano,vuvuvuyu,479
PePePeace,rwhung,478
rwhung,PePePeace,478
rayarising,kiki2125,478
kiki2125,rayarising,478
stantheman,Pietro,476
Pietro,stantheman,476
rayarising,calamus,473
calamus,rayarising,473
isalin,omoideomoi,472
omoideomoi,isalin,472
reader2714,greedypeople,471
greedypeople,reader2714,471
KaedeRed,isalin,471
isalin,KaedeRed,471
DaiRiT,hie4949,471
hie4949,DaiRiT,471
frankie30432,buddar,470
buddar,frankie30432,470
realtw,sisik,469
kkman321,thebestone,469
ymx3xc,lianhua,469
sisik,realtw,469
thebestone,kkman321,469
KingKingCold,DarkHolbach,469
lianhua,ymx3xc,469
DarkHolbach,KingKingCold,469
sediments,songsi,468
songsi,sediments,468
greedypeople,ienari,468
ienari,greedypeople,468
peterwww,sayshu,467
isalin,Osuma,467
sayshu,peterwww,467
Osuma,isalin,467
PRINCE711529,nozazero,466
PePePeace,OoJudyoO,466
isalin,f11IJ,466
nozazero,PRINCE711529,466
PePePeace,KingKingCold,466
f11IJ,isalin,466
KingKingCold,PePePeace,466
OoJudyoO,PePePeace,466
taikonkimo,chyou2003,465
hk416,akiyamatt,465
tigerzz3,ymx3xc,465
chyou2003,taikonkimo,465
akiyamatt,hk416,465
ymx3xc,tigerzz3,465
smalltwo,papaganono,463
stantheman,laiyuhao,463
ymx3xc,popyuning,463
nht,CrackedVoice,463
popyuning,ymx3xc,463
akata,ymx3xc,463
laiyuhao,stantheman,463
papaganono,smalltwo,463
ymx3xc,akata,463
CrackedVoice,nht,463
anoreader,nozazero,462
nozazero,anoreader,462
YahooTaiwan,asagi777,461
asagi777,YahooTaiwan,461
LABOYS,PePePeace,460
PePePeace,LABOYS,460
shvzrrsy,isalin,459
akata,greedypeople,459
jurists,halusai,459
greedypeople,akata,459
isalin,shvzrrsy,459
halusai,jurists,459
DOWNA,ymx3xc,454
greedypeople,CrackedVoice,454
CrackedVoice,greedypeople,454
ymx3xc,DOWNA,454
jma306,VOLK11,453
wssp,arc1029,453
arc1029,wssp,453
VOLK11,jma306,453
sygnuser,nht,452
KaedeRed,calamus,452
ckz,kiki2125,452
kiki2125,ckz,452
calamus,KaedeRed,452
nht,sygnuser,452
justsay,O0OO,451
O0OO,justsay,451
sunnyjanet,astar551,450
astar551,sunnyjanet,450
PePePeace,c10177,450
c10177,PePePeace,450
wssp,greedypeople,448
greedypeople,wssp,448
Szss,ymx3xc,445
ymx3xc,Szss,445
june0204,kiki2125,444
kiki2125,june0204,444
bg00004,hamasakiayu,444
hamasakiayu,bg00004,444
thebestone,ams9,442
s211275,isalin,442
ams9,thebestone,442
isalin,s211275,442
yanvcvc,rahim03,442
rahim03,yanvcvc,442
goshfju,VVizZ,440
VVizZ,goshfju,440
kiki2125,c10177,439
c10177,kiki2125,439
ymx3xc,songsi,437
songsi,ymx3xc,437
klarc,akiyamatt,435
yu0117,greedypeople,435
akiyamatt,klarc,435
greedypeople,yu0117,435
rinatwo,zeumax,434
Osuma,PePePeace,434
elsalee,ienari,434
zeumax,rinatwo,434
PePePeace,Osuma,434
ienari,elsalee,434
aoiyasa,PePePeace,433
PePePeace,aoiyasa,433
calamus,kageo101,432
kageo101,calamus,432
wssp,KingKingCold,432
KingKingCold,wssp,432
apoptosis,onsera,430
onsera,apoptosis,430
soulja28,Merlion,428
Merlion,soulja28,428
Satoman,orinsinal,427
CrackedVoice,ymx3xc,427
ymx3xc,CrackedVoice,427
orinsinal,Satoman,427
hanarain,isalin,426
isalin,hanarain,426
sediments,BDACK,426
viable,Ec73Iwai,426
BDACK,sediments,426
Ec73Iwai,viable,426
hemmelige,plus203ft,424
plus203ft,hemmelige,424
Wii,greedypeople,422
greedypeople,Wii,422
rwhung,calamus,420
calamus,rwhung,420
lianhua,PePePeace,418
PePePeace,lianhua,418
ymx3xc,CS5566,418
CS5566,ymx3xc,418
julia66,peterwww,417
nozazero,Nickal,417
Nickal,nozazero,417
peterwww,julia66,417
kaisin,greedypeople,416
greedypeople,kaisin,416
ienari,LABOYS,416
LABOYS,ienari,416
mugenji1005,kaisin,415
kaisin,mugenji1005,415
calamus,june0204,414
june0204,calamus,414
misae,PePePeace,414
PePePeace,misae,414
romusutoru,mugenji1005,413
mugenji1005,romusutoru,413
calamus,ckz,413
ckz,calamus,413
KaedeRed,kiki2125,413
kiki2125,KaedeRed,413
kaede0711,ashinly1021,412
ashinly1021,kaede0711,412
elsalee,calamus,411
akata,sediments,411
c10177,nht,411
calamus,elsalee,411
nht,c10177,411
sediments,akata,411
